concurrency,qps
1,7600.007465394213
5,12331.163713333834
10,11776.97938750951
20,14322.034133601803
50,9933.579389613567
100,10252.948404639317
