concurrency,qps
1,5786.119881451358
5,8209.271955972861
10,9687.909214804844
50,9744.91896573497
100,9197.468583960323
