concurrency,qps,p99_latency_ms
1,2482.6926357193265,1.1225251307041622
2,6806.2727775035155,0.4781149774862572
5,7391.964159682851,1.1330497073504382
10,6111.11046265044,4.55683537911682
20,6918.909765921609,4.791158379193803
50,6258.334356833639,19.531414210032466
