top_k,avg_ms,p50_ms,p95_ms,p99_ms
1,0.2343469810220995,0.21297199782566167,0.389594500484236,0.4855471334667527
5,0.44478261690892396,0.36454349901759997,0.8696246486579182,1.0220673194271512
10,0.6114027539733797,0.5374089996621478,0.9808609482206521,1.0166301922799903
50,1.8620578169829969,1.59076399904734,2.085664900005213,2.575026599515695
100,2.3408810339751653,1.984962000278756,3.9027015529427445,4.859783978936321
