batch_size,vectors_per_sec
10,5061.098743014174
100,7449.896612458639
500,8243.314199013445
1000,6435.832749958098
5000,8547.082139575878
