top_k,avg_ms,p50_ms,p95_ms,p99_ms
1,0.12359197099613084,0.11729000107152387,0.16086974828795064,0.18630206071975408
5,0.3627129209580744,0.16719900122552644,0.25148965178232174,0.684723079029936
10,0.44924259651270404,0.21753799956059083,0.9377143976962541,1.1146746629674453
50,0.6870718159752869,0.6388690017047338,0.9809682493141736,1.2057424411614193
100,1.2833795549959177,1.1970395007665502,1.816301098187978,2.278338187679765
