batch_size,vectors_per_sec
10,6068.711043046389
100,6086.74908506611
500,5852.882654478462
1000,6657.173271288866
5000,5368.921185890657
